{"eval/map": {"_type": "image-file", "sha256": "8039c1b762bfe3225db0dc056062a3829731175394194aa3b9a433e3d4aa0089", "size": 27997, "path": "media/images/eval/map_10_8039c1b762bfe3225db0.png", "format": "png", "width": 640, "height": 480}, "global_steps": 11000, "eval/return": 0.0, "_timestamp": 1706546674.801153, "_runtime": 490.99253392219543, "_step": 10, "_wandb": {"runtime": 516}}